url,href,max
https://anti-fraud.ec.europa.eu/index_en,https://anti-fraud.ec.europa.eu/index_bg,Cybersecurity
https://anti-fraud.ec.europa.eu/index_en,https://anti-fraud.ec.europa.eu/index_cs,Sanctions
https://anti-fraud.ec.europa.eu/index_en,https://anti-fraud.ec.europa.eu/index_da,Sanctions
https://anti-fraud.ec.europa.eu/index_en,https://anti-fraud.ec.europa.eu/index_de,Sanctions
https://anti-fraud.ec.europa.eu/index_en,https://anti-fraud.ec.europa.eu/index_el,Corporate income tax
https://anti-fraud.ec.europa.eu/index_en,https://anti-fraud.ec.europa.eu/index_en,Sanctions
https://anti-fraud.ec.europa.eu/index_en,https://anti-fraud.ec.europa.eu/index_es,Sanctions
https://anti-fraud.ec.europa.eu/index_en,https://anti-fraud.ec.europa.eu/index_et,Sanctions
https://anti-fraud.ec.europa.eu/index_en,https://anti-fraud.ec.europa.eu/index_fi,Corporate income tax
https://anti-fraud.ec.europa.eu/index_en,https://anti-fraud.ec.europa.eu/index_fr,Sanctions
https://anti-fraud.ec.europa.eu/index_en,https://anti-fraud.ec.europa.eu/index_ga,Sanctions
https://anti-fraud.ec.europa.eu/index_en,https://anti-fraud.ec.europa.eu/index_hr,OLAF
https://anti-fraud.ec.europa.eu/index_en,https://anti-fraud.ec.europa.eu/index_hu,Sanctions
https://anti-fraud.ec.europa.eu/index_en,https://anti-fraud.ec.europa.eu/index_it,Device Fingerprinting
https://anti-fraud.ec.europa.eu/index_en,https://anti-fraud.ec.europa.eu/index_lt,Corporate income tax
https://anti-fraud.ec.europa.eu/index_en,https://anti-fraud.ec.europa.eu/index_lv,Device Fingerprinting
https://anti-fraud.ec.europa.eu/index_en,https://anti-fraud.ec.europa.eu/index_mt,Sanctions
https://anti-fraud.ec.europa.eu/index_en,https://anti-fraud.ec.europa.eu/index_nl,Sanctions
https://anti-fraud.ec.europa.eu/index_en,https://anti-fraud.ec.europa.eu/index_pl,Sanctions
https://anti-fraud.ec.europa.eu/index_en,https://anti-fraud.ec.europa.eu/index_pt,Sanctions
https://anti-fraud.ec.europa.eu/index_en,https://anti-fraud.ec.europa.eu/index_ro,Sanctions
https://anti-fraud.ec.europa.eu/index_en,https://anti-fraud.ec.europa.eu/index_sk,Sanctions
https://anti-fraud.ec.europa.eu/index_en,https://anti-fraud.ec.europa.eu/index_sl,Sanctions
https://anti-fraud.ec.europa.eu/index_en,https://anti-fraud.ec.europa.eu/index_sv,Device Fingerprinting
https://anti-fraud.ec.europa.eu/index_en,https://commission.europa.eu/about-european-commission/contact_en,Sanctions
https://anti-fraud.ec.europa.eu/index_en,https://commission.europa.eu/cookies_en,Sanctions
https://anti-fraud.ec.europa.eu/index_en,https://commission.europa.eu/index_en,Sanctions
https://anti-fraud.ec.europa.eu/index_en,https://commission.europa.eu/language-policy_en,OLAF
https://anti-fraud.ec.europa.eu/index_en,https://commission.europa.eu/legal-notice_en,Sanctions
https://anti-fraud.ec.europa.eu/index_en,https://commission.europa.eu/privacy-policy_en,Sanctions
https://anti-fraud.ec.europa.eu/index_en,https://commission.europa.eu/resources-partners_en,Sanctions
https://anti-fraud.ec.europa.eu/index_en,https://ec.europa.eu/anti-fraud/node/2/rss_en,Sanctions
https://anti-fraud.ec.europa.eu/index_en,https://european-union.europa.eu/contact-eu/social-media-channels_en#/search?page=0&institutions=european_commission,Sanctions
https://home.treasury.gov/,http://get.adobe.com/reader/,Sanctions
https://home.treasury.gov/,http://www.data.gov/,Sanctions
https://home.treasury.gov/,http://www.fincen.gov/,Sanctions
https://home.treasury.gov/,http://www.fiscal.treasury.gov/,Sanctions
https://home.treasury.gov/,http://www.irs.gov/,Sanctions
https://home.treasury.gov/,http://www.mymoney.gov/,Sanctions
https://home.treasury.gov/,http://www.occ.gov/,Sanctions
https://home.treasury.gov/,http://www.opm.gov/,Sanctions
https://home.treasury.gov/,http://www.paymentaccuracy.gov/,Sanctions
https://home.treasury.gov/,http://www.regulations.gov/,Sanctions
https://home.treasury.gov/,http://www.sigtarp.gov/,Sanctions
https://home.treasury.gov/,http://www.socialsecurity.gov/myaccount/,Sanctions
https://home.treasury.gov/,http://www.treasury.gov/tigta,Sanctions
https://home.treasury.gov/,http://www.treasurydirect.gov/,Sanctions
https://home.treasury.gov/,http://www.ttb.gov/,Sanctions
https://home.treasury.gov/,http://www.usa.gov/,Sanctions
https://home.treasury.gov/,http://www.usajobs.gov/,Sanctions
https://home.treasury.gov/,http://www.usmint.gov/,Sanctions
https://home.treasury.gov/,https://arc.fiscal.treasury.gov/,Sanctions
https://home.treasury.gov/,https://bsaefiling.fincen.treas.gov/main.html,Sanctions
https://home.treasury.gov/,https://fiscal.treasury.gov/GoDirect/,OFAC
https://home.treasury.gov/,https://fiscaldata.treasury.gov/datasets/daily-treasury-statement/operating-cash-balance,Sanctions
https://home.treasury.gov/,https://fiscaldata.treasury.gov/datasets/debt-to-the-penny/debt-to-the-penny,Sanctions
https://home.treasury.gov/,https://fiscaldata.treasury.gov/datasets/historical-debt-outstanding/historical-debt-outstanding,OFAC
https://home.treasury.gov/,https://fiscaldata.treasury.gov/datasets/monthly-statement-public-debt/summary-of-treasury-securities-outstanding,Sanctions
https://home.treasury.gov/,https://fiscaldata.treasury.gov/datasets/monthly-treasury-statement/summary-of-receipts-outlays-and-the-deficit-surplus-of-the-u-s-government,Sanctions
https://home.treasury.gov/,https://home.treasury.gov//about/careers-at-treasury/benefits-and-growth,Sanctions
https://home.treasury.gov/,https://home.treasury.gov//about/careers-at-treasury/careers-at-our-bureaus,Sanctions
https://home.treasury.gov/,https://home.treasury.gov//about/careers-at-treasury/diversity,Sanctions
https://home.treasury.gov/,https://home.treasury.gov//about/careers-at-treasury/how-to-apply,Sanctions
https://home.treasury.gov/,https://home.treasury.gov//about/careers-at-treasury/pathways-programs,Sanctions
https://home.treasury.gov/,https://home.treasury.gov//about/careers-at-treasury/top-ten-reasons-to-work-for-treasury,Sanctions
https://home.treasury.gov/,https://home.treasury.gov//about/careers-at-treasury/veterans-employment,Sanctions
https://home.treasury.gov/,https://home.treasury.gov/about/budget-financial-reporting-planning-and-performance,Sanctions
https://home.treasury.gov/,https://home.treasury.gov/about/budget-financial-reporting-planning-and-performance/agency-financial-report,Sanctions
https://home.treasury.gov/,https://home.treasury.gov/about/budget-financial-reporting-planning-and-performance/budget-requestannual-performance-plan-and,Sanctions
https://home.treasury.gov/,https://home.treasury.gov/about/budget-financial-reporting-planning-and-performance/climate-action-plan,Sanctions
https://home.treasury.gov/,https://home.treasury.gov/about/budget-financial-reporting-planning-and-performance/inspector-general-audits-and,Sanctions
https://home.treasury.gov/,https://home.treasury.gov/about/budget-financial-reporting-planning-and-performance/strategic-plan,Sanctions
https://home.treasury.gov/,https://home.treasury.gov/about/bureaus,Sanctions
https://home.treasury.gov/,https://home.treasury.gov/about/careers-at-treasury,Sanctions
https://home.treasury.gov/,https://home.treasury.gov/about/careers-at-treasury/careers-at-headquarters,Sanctions
https://home.treasury.gov/,https://home.treasury.gov/about/general-information,Sanctions
https://home.treasury.gov/,https://home.treasury.gov/about/general-information/officials,Sanctions
https://home.treasury.gov/,https://home.treasury.gov/about/general-information/orders-and-directives,Sanctions
https://home.treasury.gov/,https://home.treasury.gov/about/general-information/organizational-chart,Sanctions
https://home.treasury.gov/,https://home.treasury.gov/about/general-information/role-of-the-treasury,Sanctions
https://home.treasury.gov/,https://home.treasury.gov/about/history,Sanctions
https://home.treasury.gov/,https://home.treasury.gov/about/history/collection,Sanctions
https://home.treasury.gov/,https://home.treasury.gov/about/history/curator,Sanctions
https://home.treasury.gov/,https://home.treasury.gov/about/history/freedmans-bank-building,Sanctions
https://home.treasury.gov/,https://home.treasury.gov/about/history/history-overview,Sanctions
https://home.treasury.gov/,https://home.treasury.gov/about/history/prior-secretaries,Sanctions
https://home.treasury.gov/,https://home.treasury.gov/about/history/the-treasury-building,Sanctions
https://home.treasury.gov/,https://home.treasury.gov/about/history/treasurers-of-the-united-states,Sanctions
https://home.treasury.gov/,https://home.treasury.gov/about/offices,Sanctions
https://home.treasury.gov/,https://home.treasury.gov/about/offices/diversity-equity-inclusion-and-accessibility,Sanctions
https://home.treasury.gov/,https://home.treasury.gov/about/offices/domestic-finance,Sanctions
https://home.treasury.gov/,https://home.treasury.gov/about/offices/economic-policy,Sanctions
https://home.treasury.gov/,https://home.treasury.gov/about/offices/general-counsel,Sanctions
https://home.treasury.gov/,https://home.treasury.gov/about/offices/international-affairs,Sanctions
https://home.treasury.gov/,https://home.treasury.gov/about/offices/management,Sanctions
https://home.treasury.gov/,https://home.treasury.gov/about/offices/public-affairs,Sanctions
https://home.treasury.gov/,https://home.treasury.gov/about/offices/tax-policy,Sanctions
https://home.treasury.gov/,https://home.treasury.gov/about/offices/terrorism-and-financial-intelligence,Sanctions
https://home.treasury.gov/,https://home.treasury.gov/about/offices/terrorism-and-financial-intelligence/protecting-charitable-organizations,Sanctions
https://home.treasury.gov/,https://home.treasury.gov/data/investor-class-auction-allotments,Sanctions
https://home.treasury.gov/,https://home.treasury.gov/data/other-programs,Sanctions
https://home.treasury.gov/,https://home.treasury.gov/data/treasury-coupon-issues-and-corporate-bond-yield-curve/corporate-bond-yield-curve,Sanctions
https://home.treasury.gov/,https://home.treasury.gov/data/treasury-coupon-issues-and-corporate-bond-yield-curves,Sanctions
https://home.treasury.gov/,https://home.treasury.gov/data/treasury-coupon-issues-and-corporate-bond-yield-curves/treasury-coupon-issues,Sanctions
https://home.treasury.gov/,https://home.treasury.gov/data/treasury-international-capital-tic-system,Sanctions
https://home.treasury.gov/,https://home.treasury.gov/data/treasury-international-capital-tic-system-home-page/release-dates-of-tic-data-0,Sanctions
https://home.treasury.gov/,https://home.treasury.gov/data/treasury-international-capital-tic-system-home-page/tic-forms-instructions,Sanctions
https://home.treasury.gov/,https://home.treasury.gov/data/troubled-assets-relief-program,Sanctions
https://home.treasury.gov/,https://home.treasury.gov/data/troubled-assets-relief-program/reports,Sanctions
https://home.treasury.gov/,https://home.treasury.gov/data/us-international-reserve-position,Sanctions
https://home.treasury.gov/,https://home.treasury.gov/faqs,Sanctions
https://home.treasury.gov/,https://home.treasury.gov/news/contacts-for-members-of-the-media,Sanctions
https://home.treasury.gov/,https://home.treasury.gov/news/press-releases,Sanctions
https://home.treasury.gov/,https://home.treasury.gov/news/webcasts,Sanctions
https://home.treasury.gov/,https://home.treasury.gov/policy-issues/consumer-policy,Sanctions
https://home.treasury.gov/,https://home.treasury.gov/policy-issues/consumer-policy/featured-research,Sanctions
https://home.treasury.gov/,https://home.treasury.gov/policy-issues/consumer-policy/financial-literacy-and-education-commission,Sanctions
https://home.treasury.gov/,https://home.treasury.gov/policy-issues/consumer-policy/innovations-in-financial-services,Sanctions
https://home.treasury.gov/,https://home.treasury.gov/policy-issues/coronavirus,Sanctions
https://home.treasury.gov/,https://home.treasury.gov/policy-issues/coronavirus/assistance-for-American-families-and-workers,Sanctions
https://home.treasury.gov/,https://home.treasury.gov/policy-issues/coronavirus/assistance-for-american-industry,Sanctions
https://home.treasury.gov/,https://home.treasury.gov/policy-issues/coronavirus/assistance-for-small-businesses,OFAC
https://home.treasury.gov/,https://home.treasury.gov/policy-issues/coronavirus/assistance-for-state-local-and-tribal-governments,Sanctions
https://home.treasury.gov/,https://home.treasury.gov/policy-issues/economic-policy,Sanctions
https://home.treasury.gov/,https://home.treasury.gov/policy-issues/economic-policy/economic-policy-reports,Sanctions
https://home.treasury.gov/,https://home.treasury.gov/policy-issues/economic-policy/social-security-and-medicare-trustee-reports,Sanctions
https://home.treasury.gov/,https://home.treasury.gov/policy-issues/economic-policy/total-taxable-resources,Sanctions
https://home.treasury.gov/,https://home.treasury.gov/policy-issues/financial-markets-financial-institutions-and-fiscal-service,Sanctions
https://home.treasury.gov/,https://home.treasury.gov/policy-issues/financial-markets-financial-institutions-and-fiscal-service/1603-program-payments-for,Sanctions
https://home.treasury.gov/,https://home.treasury.gov/policy-issues/financial-markets-financial-institutions-and-fiscal-service/cash-and-debt-forecasting,Sanctions
https://home.treasury.gov/,https://home.treasury.gov/policy-issues/financial-markets-financial-institutions-and-fiscal-service/debt-limit,Sanctions
https://home.treasury.gov/,https://home.treasury.gov/policy-issues/financial-markets-financial-institutions-and-fiscal-service/federal-insurance-office,Sanctions
https://home.treasury.gov/,https://home.treasury.gov/policy-issues/financial-markets-financial-institutions-and-fiscal-service/fsoc,Sanctions
https://home.treasury.gov/,https://home.treasury.gov/policy-issues/financial-markets-financial-institutions-and-fiscal-service/restore-act,Sanctions
https://home.treasury.gov/,https://home.treasury.gov/policy-issues/financial-sanctions/civil-penalties-and-enforcement-information,OFAC
https://home.treasury.gov/,https://home.treasury.gov/policy-issues/financial-sanctions/consolidated-sanctions-list-data-files,Sanctions
https://home.treasury.gov/,https://home.treasury.gov/policy-issues/financial-sanctions/contact-ofac,Sanctions
https://home.treasury.gov/,https://home.treasury.gov/policy-issues/financial-sanctions/faqs,Sanctions
https://home.treasury.gov/,https://home.treasury.gov/policy-issues/financial-sanctions/other-ofac-sanctions-lists,Sanctions
https://home.treasury.gov/,https://home.treasury.gov/policy-issues/financial-sanctions/recent-actions,Sanctions
https://home.treasury.gov/,https://home.treasury.gov/policy-issues/financial-sanctions/sanctions-list-search-tool,Sanctions
https://home.treasury.gov/,https://home.treasury.gov/policy-issues/financial-sanctions/sanctions-programs-and-country-information,Sanctions
https://home.treasury.gov/,https://home.treasury.gov/policy-issues/financial-sanctions/specially-designated-nationals-and-blocked-persons-list-sdn-human-readable-lists,Sanctions
https://home.treasury.gov/,https://home.treasury.gov/policy-issues/financing-the-government,Sanctions
https://home.treasury.gov/,https://home.treasury.gov/policy-issues/financing-the-government/debt-management-research,Sanctions
https://home.treasury.gov/,https://home.treasury.gov/policy-issues/financing-the-government/interest-rate-statistics,Sanctions
https://home.treasury.gov/,https://home.treasury.gov/policy-issues/financing-the-government/quarterly-refunding,Sanctions
https://home.treasury.gov/,https://home.treasury.gov/policy-issues/financing-the-government/quarterly-refunding/most-recent-quarterly-refunding-documents,Sanctions
https://home.treasury.gov/,https://home.treasury.gov/policy-issues/financing-the-government/quarterly-refunding/quarterly-refunding-archives,Sanctions
https://home.treasury.gov/,https://home.treasury.gov/policy-issues/financing-the-government/quarterly-refunding/treasury-quarterly-refunding-process,Sanctions
https://home.treasury.gov/,https://home.treasury.gov/policy-issues/financing-the-government/quarterly-refunding/treasury-quarterly-refunding-webcasts,Sanctions
https://home.treasury.gov/,https://home.treasury.gov/policy-issues/financing-the-government/treasury-investor-data,Sanctions
https://home.treasury.gov/,https://home.treasury.gov/policy-issues/financing-the-government/treasury-marketable-and-non-marketable-securities,Sanctions
https://home.treasury.gov/,https://home.treasury.gov/policy-issues/international,Sanctions
https://home.treasury.gov/,https://home.treasury.gov/policy-issues/international/exchange-rate-analysis,Sanctions
https://home.treasury.gov/,https://home.treasury.gov/policy-issues/international/exchange-stabilization-fund,Sanctions
https://home.treasury.gov/,https://home.treasury.gov/policy-issues/international/g-7-and-g-20,Sanctions
https://home.treasury.gov/,https://home.treasury.gov/policy-issues/international/international-monetary-fund,Sanctions
https://home.treasury.gov/,https://home.treasury.gov/policy-issues/international/macroeconomic-and-foreign-exchange-policies-of-major-trading-partners,Sanctions
https://home.treasury.gov/,https://home.treasury.gov/policy-issues/international/multilateral-development-banks,Sanctions
https://home.treasury.gov/,https://home.treasury.gov/policy-issues/international/the-committee-on-foreign-investment-in-the-united-states-cfius,Sanctions
https://home.treasury.gov/,https://home.treasury.gov/policy-issues/international/us-china-comprehensive-economic-dialogue,Sanctions
https://home.treasury.gov/,https://home.treasury.gov/policy-issues/office-of-foreign-assets-control-sanctions-programs-and-information,Sanctions
https://home.treasury.gov/,https://home.treasury.gov/policy-issues/small-business-programs,Sanctions
https://home.treasury.gov/,https://home.treasury.gov/policy-issues/small-business-programs/small-and-disadvantaged-business-utilization-0,Sanctions
https://home.treasury.gov/,https://home.treasury.gov/policy-issues/small-business-programs/small-and-disadvantaged-business-utilization/bureau-small-business-specialists,Sanctions
https://home.treasury.gov/,https://home.treasury.gov/policy-issues/small-business-programs/small-business-lending-fund,Sanctions
https://home.treasury.gov/,https://home.treasury.gov/policy-issues/small-business-programs/state-small-business-credit-initiative-ssbci,Sanctions
https://home.treasury.gov/,https://home.treasury.gov/policy-issues/tax-policy,Sanctions
https://home.treasury.gov/,https://home.treasury.gov/policy-issues/tax-policy/foreign-account-tax-compliance-act,Sanctions
https://home.treasury.gov/,https://home.treasury.gov/policy-issues/tax-policy/international-tax,Sanctions
https://home.treasury.gov/,https://home.treasury.gov/policy-issues/tax-policy/office-of-tax-analysis,Sanctions
https://home.treasury.gov/,https://home.treasury.gov/policy-issues/tax-policy/office-of-tax-policy-reports,Sanctions
https://home.treasury.gov/,https://home.treasury.gov/policy-issues/tax-policy/revenue-proposals,Sanctions
https://home.treasury.gov/,https://home.treasury.gov/policy-issues/tax-policy/tax-expenditures,Sanctions
https://home.treasury.gov/,https://home.treasury.gov/policy-issues/tax-policy/tax-regulatory-reform,Sanctions
https://home.treasury.gov/,https://home.treasury.gov/policy-issues/tax-policy/treaties,Sanctions
https://home.treasury.gov/,https://home.treasury.gov/policy-issues/terrorism-and-illicit-finance,Sanctions
https://home.treasury.gov/,https://home.treasury.gov/policy-issues/terrorism-and-illicit-finance/311-actions,Sanctions
https://home.treasury.gov/,https://home.treasury.gov/policy-issues/terrorism-and-illicit-finance/financial-action-task-force,Sanctions
https://home.treasury.gov/,https://home.treasury.gov/policy-issues/terrorism-and-illicit-finance/money-laundering,Sanctions
https://home.treasury.gov/,https://home.treasury.gov/policy-issues/terrorism-and-illicit-finance/terrorist-finance-tracking-program-tftp,Sanctions
https://home.treasury.gov/,https://home.treasury.gov/policy-issues/terrorism-and-illicit-finance/treasury-executive-office-for-asset-forfeiture-teoaf,Sanctions
https://home.treasury.gov/,https://home.treasury.gov/policy-issues/tribal-affairs,Sanctions
https://home.treasury.gov/,https://home.treasury.gov/resource-center/data-chart-center/interest-rates/TextView?type=daily_treasury_bill_rates&field_tdr_date_value=2022,Sanctions
https://home.treasury.gov/,https://home.treasury.gov/resource-center/data-chart-center/interest-rates/TextView?type=daily_treasury_long_term_rate&field_tdr_date_value=2022,Cybersecurity
https://home.treasury.gov/,https://home.treasury.gov/resource-center/data-chart-center/interest-rates/TextView?type=daily_treasury_real_long_term&field_tdr_date_value=2022,Sanctions
https://home.treasury.gov/,https://home.treasury.gov/resource-center/data-chart-center/interest-rates/TextView?type=daily_treasury_real_yield_curve&field_tdr_date_value=2022,Sanctions
https://home.treasury.gov/,https://home.treasury.gov/resource-center/data-chart-center/interest-rates/TextView?type=daily_treasury_yield_curve&field_tdr_date_value=2022,Sanctions
https://home.treasury.gov/,https://home.treasury.gov/services/bonds-and-securities,Sanctions
https://home.treasury.gov/,https://home.treasury.gov/services/currency-and-coins,Sanctions
https://home.treasury.gov/,https://home.treasury.gov/services/education,Sanctions
https://home.treasury.gov/,https://home.treasury.gov/services/forms,Sanctions
https://home.treasury.gov/,https://home.treasury.gov/services/government-shared-services,Sanctions
https://home.treasury.gov/,https://home.treasury.gov/services/government-shared-services/administrative-resource-center,Sanctions
https://home.treasury.gov/,https://home.treasury.gov/services/government-shared-services/enterprise-business-solutions,Sanctions
https://home.treasury.gov/,https://home.treasury.gov/services/government-shared-services/shared-services-programs,Sanctions
https://home.treasury.gov/,https://home.treasury.gov/services/government-shared-services/treasury-franchise-fund,Sanctions
https://home.treasury.gov/,https://home.treasury.gov/services/grant-programs,Sanctions
https://home.treasury.gov/,https://home.treasury.gov/services/report-fraud-waste-and-abuse,Sanctions
https://home.treasury.gov/,https://home.treasury.gov/services/report-fraud-waste-and-abuse/covid-19-scams,Sanctions
https://home.treasury.gov/,https://home.treasury.gov/services/report-fraud-waste-and-abuse/inspectors-general,Sanctions
https://home.treasury.gov/,https://home.treasury.gov/services/report-fraud-waste-and-abuse/report-fraud-or-misconduct-related-to-government-contracts-or,Sanctions
https://home.treasury.gov/,https://home.treasury.gov/services/report-fraud-waste-and-abuse/report-scam-attempts,Sanctions
https://home.treasury.gov/,https://home.treasury.gov/services/social-impact-partnerships/sippra-pay-for-results,Sanctions
https://home.treasury.gov/,https://home.treasury.gov/services/taxes,Sanctions
https://home.treasury.gov/,https://home.treasury.gov/services/tours-and-library,Sanctions
https://home.treasury.gov/,https://home.treasury.gov/services/tours-and-library/library,Sanctions
https://home.treasury.gov/,https://home.treasury.gov/services/tours-and-library/tours-of-the-historic-treasury-building,Sanctions
https://home.treasury.gov/,https://home.treasury.gov/services/treasury-auctions,Sanctions
https://home.treasury.gov/,https://home.treasury.gov/services/treasury-payments,Sanctions
https://home.treasury.gov/,https://home.treasury.gov/subfooter/google-privacy-policy,Sanctions
https://home.treasury.gov/,https://home.treasury.gov/subfooter/privacy-policy,Sanctions
https://home.treasury.gov/,https://home.treasury.gov/subfooter/site-policies-and-notices,Sanctions
https://home.treasury.gov/,https://home.treasury.gov/utility/accessibility,Sanctions
https://home.treasury.gov/,https://home.treasury.gov/utility/contact,Sanctions
https://home.treasury.gov/,https://home.treasury.gov/utility/languages,Sanctions
https://home.treasury.gov/,https://home.treasury.gov/utility/languages/alrbyt-arabic,Sanctions
https://home.treasury.gov/,https://home.treasury.gov/utility/languages/espanol,Sanctions
https://home.treasury.gov/,https://home.treasury.gov/utility/languages/korean,Sanctions
https://home.treasury.gov/,https://home.treasury.gov/utility/languages/tagalog,Sanctions
https://home.treasury.gov/,https://home.treasury.gov/utility/languages/tiengviet-vietnamese,Sanctions
https://home.treasury.gov/,https://home.treasury.gov/utility/languages/zhongwenchinese,Sanctions
https://home.treasury.gov/,https://oig.treasury.gov/,Sanctions
https://home.treasury.gov/,https://search.usa.gov/search/docs?utf8=%E2%9C%93&affiliate=treas&sort_by=&dc=9121&query=media-advisories,Sanctions
https://home.treasury.gov/,https://search.usa.gov/search/docs?utf8=%E2%9C%93&affiliate=treas&sort_by=&dc=9123&query=weekly-schedule-updates,Sanctions
https://home.treasury.gov/,https://service.govdelivery.com/accounts/USTREAS/subscriber/new?topic_id=USTREAS_49,Sanctions
https://home.treasury.gov/,https://treasury.usajobs.gov/,Sanctions
https://home.treasury.gov/,https://treasurydirect.gov/forms.htm,Sanctions
https://home.treasury.gov/,https://treasuryhunt.gov/,Sanctions
https://home.treasury.gov/,https://usaspending.gov,Sanctions
https://home.treasury.gov/,https://vote.gov/,Sanctions
https://home.treasury.gov/,https://www.bep.gov/,Sanctions
https://home.treasury.gov/,https://www.bep.gov/services,Sanctions
https://home.treasury.gov/,https://www.bep.gov/services/mutilated-currency-redemption,Sanctions
https://home.treasury.gov/,https://www.bep.gov/visitor-centers,Sanctions
https://home.treasury.gov/,https://www.cdfifund.gov/,Sanctions
https://home.treasury.gov/,https://www.cdfifund.gov/Pages/default.aspx,Sanctions
https://home.treasury.gov/,https://www.fincen.gov/,Sanctions
https://home.treasury.gov/,https://www.fiscal.treasury.gov/,Sanctions
https://home.treasury.gov/,https://www.fiscal.treasury.gov/fsservices/gov/pmt/eft/eft_home.htm,Sanctions
https://home.treasury.gov/,https://www.fiscal.treasury.gov/fsservices/indiv/pmt/dirExpss/dirExpss_home.htm,Sanctions
https://home.treasury.gov/,https://www.ipp.gov/,Sanctions
https://home.treasury.gov/,https://www.irs.gov/,Sanctions
https://home.treasury.gov/,https://www.irs.gov/businesses/corporations/foreign-account-tax-compliance-act-fatca,Sanctions
https://home.treasury.gov/,https://www.irs.gov/businesses/small-businesses-self-employed/apply-for-an-employer-identification-number-ein-online,Sanctions
https://home.treasury.gov/,https://www.irs.gov/forms-instructions,Sanctions
https://home.treasury.gov/,https://www.irs.gov/forms-pubs/about-form-941,Sanctions
https://home.treasury.gov/,https://www.irs.gov/refunds,Sanctions
https://home.treasury.gov/,https://www.makinghomeaffordable.gov/,Sanctions
https://home.treasury.gov/,https://www.moneyfactory.gov/,Sanctions
https://home.treasury.gov/,https://www.mymoney.gov/,Sanctions
https://home.treasury.gov/,https://www.occ.treas.gov/,Sanctions
https://home.treasury.gov/,https://www.sigpr.gov/,Sanctions
https://home.treasury.gov/,https://www.sigtarp.gov/Pages/Home.aspx,Sanctions
https://home.treasury.gov/,https://www.treasury.gov/about/budget-performance/Pages/default.aspx,Sanctions
https://home.treasury.gov/,https://www.treasury.gov/about/organizational-structure/ig/Pages/default.aspx,Sanctions
https://home.treasury.gov/,https://www.treasury.gov/auctions/irs/index.html,Sanctions
https://home.treasury.gov/,https://www.treasury.gov/auctions/treasury/gp/,Sanctions
https://home.treasury.gov/,https://www.treasury.gov/auctions/treasury/rp/,Sanctions
https://home.treasury.gov/,https://www.treasury.gov/pages/tgovproblemsfeedbackform.aspx,Sanctions
https://home.treasury.gov/,https://www.treasury.gov/resource-center/data-chart-center/interest-rates/Pages/default.aspx,Sanctions
https://home.treasury.gov/,https://www.treasury.gov/resource-center/data-chart-center/quarterly-refunding/Pages/default.aspx,Sanctions
https://home.treasury.gov/,https://www.treasury.gov/resource-center/sanctions/Pages/default.aspx,Sanctions
https://home.treasury.gov/,https://www.treasury.gov/tigta/,Sanctions
https://home.treasury.gov/,https://www.treasurydirect.gov/faq.htm,Sanctions
https://home.treasury.gov/,https://www.treasurydirect.gov/govt/govt.htm,Sanctions
https://home.treasury.gov/,https://www.treasurydirect.gov/govt/reports/pd/pd_debttothepenny.htm,Sanctions
https://home.treasury.gov/,https://www.treasurydirect.gov/indiv/research/indepth/ebonds/res_e_bonds_eeredeem_disaster.htm,Sanctions
https://home.treasury.gov/,https://www.treasurydirect.gov/tdhome.htm,OFAC
https://home.treasury.gov/,https://www.ttb.gov/,Sanctions
https://home.treasury.gov/,https://www.usa.gov/forms,Sanctions
https://home.treasury.gov/,https://www.usaspending.gov/,Sanctions
https://home.treasury.gov/,https://www.usmint.gov/,Sanctions
https://home.treasury.gov/,https://www.usmint.gov/about/mint-tours-facilities,Sanctions
https://home.treasury.gov/,https://www.vaccines.gov/,Sanctions
https://learn.seon.io/,https://seon.io,Sanctions
https://learn.seon.io/,https://seon.io/,Sanctions
https://learn.seon.io/,https://seon.io/privacy-policy/,Sanctions
https://sanctionssearch.ofac.treas.gov/,https://home.treasury.gov/policy-issues/financial-sanctions/consolidated-sanctions-list-data-files,Sanctions
https://sanctionssearch.ofac.treas.gov/,https://home.treasury.gov/policy-issues/financial-sanctions/faqs/287,Sanctions
https://sanctionssearch.ofac.treas.gov/,https://home.treasury.gov/policy-issues/financial-sanctions/specially-designated-nationals-list-data-formats-data-schemas,Sanctions
https://sanctionssearch.ofac.treas.gov/,https://home.treasury.gov/policy-issues/financial-sanctions/specially-designated-nationals-list-sdn-list/program-tag-definitions-for-ofac-sanctions-lists,Sanctions
https://sanctionssearch.ofac.treas.gov/,https://home.treasury.gov/policy-issues/office-of-foreign-assets-control-sanctions-programs-and-information,OFAC
https://www.kroll.com/,https://careers.kroll.com/,Cybersecurity
https://www.kroll.com/,https://careers.kroll.com/campus,Sanctions
https://www.kroll.com/,https://careers.kroll.com/culture,OLAF
https://www.kroll.com/,https://careers.kroll.com/testimonials,OLAF
https://www.kroll.com/,https://www.kroll.com/de-de,OLAF
https://www.kroll.com/,https://www.kroll.com/en,OLAF
https://www.kroll.com/,https://www.kroll.com/en-ca,European Parliament
https://www.kroll.com/,https://www.kroll.com/en/about-us#values,OLAF
https://www.kroll.com/,https://www.kroll.com/es-es,Sanctions
https://www.kroll.com/,https://www.kroll.com/es-mx,OLAF
https://www.kroll.com/,https://www.kroll.com/fr-fr,Sanctions
https://www.kroll.com/,https://www.kroll.com/it-it,OLAF
https://www.kroll.com/,https://www.kroll.com/ja-jp,OLAF
https://www.kroll.com/,https://www.kroll.com/pt-br,OLAF
https://www.kroll.com/,https://www.kroll.com/zh-cn,Cybersecurity
https://www.kroll.com/,https://www.youtube.com/c/kroll,OLAF
https://www.swift.com/,http://www.smpg.info/,OLAF
https://www.swift.com/,https://swiftref.swift.com/,Sanctions
https://www.swift.com/,https://www.sibos.com,Sanctions
https://www.swift.com/,https://www.swift.com,Sanctions
https://www.swift.com/,https://www.swift.com/,Sanctions
https://www.swift.com/,https://www.swift.com/contact-us,Sanctions
https://www.swift.com/,https://www.swift.com/standards/iso-20022/get-ready-iso-20022-cbpr,Sanctions
https://www.swift.com/,https://www.youtube.com/planetswift,European Parliament
https://www.swift.com/,https://www2.swift.com/bsl/index.faces,Sanctions
https://www.swift.com/,https://www2.swift.com/customer_onboarding/,Sanctions
https://www.swift.com/,https://www2.swift.com/knowledgecentre/interests/Standards,Cybersecurity
https://www.swift.com/,https://www2.swift.com/knowledgecentre/productcategory,OLAF
https://www.swift.com/,https://www2.swift.com/myswift/,Sanctions
https://www.swift.com/,https://www2.swift.com/newsletters,OLAF
https://www.swift.com/,https://www2.swift.com/preferences,Sanctions
https://www.thomsonreuters.com/,http://ir.thomsonreuters.com/shareholder-services/investor-contacts,OLAF
https://www.thomsonreuters.com/,https://annual-report.thomsonreuters.com/,Sanctions
https://www.thomsonreuters.com/,https://innovation.thomsonreuters.com/en.html,OLAF
https://www.thomsonreuters.com/,https://ir.thomsonreuters.com/,Sanctions
https://www.thomsonreuters.com/,https://jobs.thomsonreuters.com/all/,OLAF
https://www.thomsonreuters.com/,https://jobs.thomsonreuters.com/military/,Sanctions
https://www.thomsonreuters.com/,https://legal.thomsonreuters.com/en/insights/case-studies/clear-helped-locate-parent-evading-court-ordered-child-support?trkcode=page_banner1&trktype=internal,Sanctions
https://www.thomsonreuters.com/,https://legal.thomsonreuters.com/en/products/clear-investigation-software,Sanctions
https://www.thomsonreuters.com/,https://legal.thomsonreuters.com/en/westlaw,OLAF
https://www.thomsonreuters.com/,https://tax.thomsonreuters.com/en/checkpoint,Sanctions
https://www.thomsonreuters.com/,https://tax.thomsonreuters.com/en/corporation-solutions/global-trade-management,OLAF
https://www.thomsonreuters.com/,https://tax.thomsonreuters.com/en/onesource,Sanctions
https://www.thomsonreuters.com/,https://www.reuters.com/breakingviews/,Sanctions
https://www.thomsonreuters.com/,https://www.reuters.com/investigates/special-report/global-poy-2022/,Sanctions
https://www.thomsonreuters.com/,https://www.thomsonreuters.com/ccpa-dsar,Sanctions
https://www.thomsonreuters.com/,https://www.thomsonreuters.com/en.html,Sanctions
https://www.thomsonreuters.com/,https://www.thomsonreuters.com/en/about-us/social-impact/social-impact-and-esg-report-2021.html?trkcode=navigation&trktype=internal,OLAF
https://www.thomsonreuters.com/,https://www.thomsonreuters.com/en/careers/frequently-asked-questions.html,OLAF
https://www.thomsonreuters.com/,https://www.thomsonreuters.com/en/contact-us.html,Sanctions
https://www.thomsonreuters.com/,https://www.thomsonreuters.com/en/global-gateway.html,Sanctions
https://www.thomsonreuters.com/,https://www.thomsonreuters.com/en/login.html,Sanctions
https://www.thomsonreuters.com/,https://www.thomsonreuters.com/en/press-releases/2023/february/law-firm-profits-continued-to-slide-in-q4-2022-thomson-reuters-law-firm-financial-index.html,OLAF
https://www.thomsonreuters.com/,https://www.thomsonreuters.com/en/press-releases/2023/february/thomson-reuters-reports-fourth-quarter-and-full-year-2022-results.html,Sanctions
https://www.thomsonreuters.com/,https://www.thomsonreuters.com/en/press-releases/2023/january/alternative-legal-services-providers-growth-is-dramatically-accelerating.html,Sanctions
https://www.thomsonreuters.com/,https://www.thomsonreuters.com/en/support-training.html,Sanctions
https://www.thomsonreuters.com/,https://www.youtube.com/thomsonreuters,OLAF
